light_count,shadows,visibility,effective_visibility,lighting_path,build_configuration,run_index,frame,device,driver,commit,width,height,validation_enabled,validation_errors,submitted_local_lights,omitted_local_lights,requested_local_shadow_faces,rendered_local_shadow_faces,dropped_shadow_faces,shadow_atlas_full_drops,shadow_tiles,draw_calls,gpu_bytes,gpu_main_raster_ms,gpu_post_raster_ms,gpu_post_visible,visibility_counters_valid,gpu_sun_shadow_ms,gpu_local_shadow_ms,gpu_shadow_ms,gpu_ms,cpu_ms,readback_cpu_ms
0,off,direct,direct,forward,Release,3,0,"NVIDIA GeForce RTX 2080 Ti","NVIDIA-595.84","029ccb181a7a6352856df564cc98815a34397388",1920,1080,0,0,0,0,0,0,0,0,0,10,59570256,0.033536,0.000000,0,0,0.000000,0.000000,0.000000,1.464960,2.799310,0.908353
0,off,direct,direct,forward,Release,3,1,"NVIDIA GeForce RTX 2080 Ti","NVIDIA-595.84","029ccb181a7a6352856df564cc98815a34397388",1920,1080,0,0,0,0,0,0,0,0,0,10,59570256,0.032736,0.000000,0,0,0.000000,0.000000,0.000000,1.680448,3.083967,0.946525
0,off,direct,direct,forward,Release,3,2,"NVIDIA GeForce RTX 2080 Ti","NVIDIA-595.84","029ccb181a7a6352856df564cc98815a34397388",1920,1080,0,0,0,0,0,0,0,0,0,10,59570256,0.032768,0.000000,0,0,0.000000,0.000000,0.000000,1.595296,2.827994,0.941506
0,off,direct,direct,forward,Release,3,3,"NVIDIA GeForce RTX 2080 Ti","NVIDIA-595.84","029ccb181a7a6352856df564cc98815a34397388",1920,1080,0,0,0,0,0,0,0,0,0,10,59570256,0.032768,0.000000,0,0,0.000000,0.000000,0.000000,1.452416,2.818657,0.912160
0,off,direct,direct,forward,Release,3,4,"NVIDIA GeForce RTX 2080 Ti","NVIDIA-595.84","029ccb181a7a6352856df564cc98815a34397388",1920,1080,0,0,0,0,0,0,0,0,0,10,59570256,0.032704,0.000000,0,0,0.000000,0.000000,0.000000,1.882240,3.150683,0.821680
0,off,direct,direct,forward,Release,3,5,"NVIDIA GeForce RTX 2080 Ti","NVIDIA-595.84","029ccb181a7a6352856df564cc98815a34397388",1920,1080,0,0,0,0,0,0,0,0,0,10,59570256,0.032480,0.000000,0,0,0.000000,0.000000,0.000000,1.813248,3.044733,0.905217
0,off,direct,direct,forward,Release,3,6,"NVIDIA GeForce RTX 2080 Ti","NVIDIA-595.84","029ccb181a7a6352856df564cc98815a34397388",1920,1080,0,0,0,0,0,0,0,0,0,10,59570256,0.032704,0.000000,0,0,0.000000,0.000000,0.000000,1.267584,2.734658,0.890439
0,off,direct,direct,forward,Release,3,7,"NVIDIA GeForce RTX 2080 Ti","NVIDIA-595.84","029ccb181a7a6352856df564cc98815a34397388",1920,1080,0,0,0,0,0,0,0,0,0,10,59570256,0.032768,0.000000,0,0,0.000000,0.000000,0.000000,1.406400,2.782178,0.928411
0,off,direct,direct,forward,Release,3,8,"NVIDIA GeForce RTX 2080 Ti","NVIDIA-595.84","029ccb181a7a6352856df564cc98815a34397388",1920,1080,0,0,0,0,0,0,0,0,0,10,59570256,0.032768,0.000000,0,0,0.000000,0.000000,0.000000,1.675616,3.030486,0.912972
0,off,direct,direct,forward,Release,3,9,"NVIDIA GeForce RTX 2080 Ti","NVIDIA-595.84","029ccb181a7a6352856df564cc98815a34397388",1920,1080,0,0,0,0,0,0,0,0,0,10,59570256,0.032608,0.000000,0,0,0.000000,0.000000,0.000000,1.596160,2.851819,0.909255
0,off,direct,direct,forward,Release,3,10,"NVIDIA GeForce RTX 2080 Ti","NVIDIA-595.84","029ccb181a7a6352856df564cc98815a34397388",1920,1080,0,0,0,0,0,0,0,0,0,10,59570256,0.032544,0.000000,0,0,0.000000,0.000000,0.000000,1.421984,3.246233,0.980519
0,off,direct,direct,forward,Release,3,11,"NVIDIA GeForce RTX 2080 Ti","NVIDIA-595.84","029ccb181a7a6352856df564cc98815a34397388",1920,1080,0,0,0,0,0,0,0,0,0,10,59570256,0.037088,0.000000,0,0,0.000000,0.000000,0.000000,1.626848,3.256593,0.929904
0,off,direct,direct,forward,Release,3,12,"NVIDIA GeForce RTX 2080 Ti","NVIDIA-595.84","029ccb181a7a6352856df564cc98815a34397388",1920,1080,0,0,0,0,0,0,0,0,0,10,59570256,0.033632,0.000000,0,0,0.000000,0.000000,0.000000,1.817152,3.121969,0.975931
0,off,direct,direct,forward,Release,3,13,"NVIDIA GeForce RTX 2080 Ti","NVIDIA-595.84","029ccb181a7a6352856df564cc98815a34397388",1920,1080,0,0,0,0,0,0,0,0,0,10,59570256,0.031520,0.000000,0,0,0.000000,0.000000,0.000000,1.570688,3.178766,0.877104
0,off,direct,direct,forward,Release,3,14,"NVIDIA GeForce RTX 2080 Ti","NVIDIA-595.84","029ccb181a7a6352856df564cc98815a34397388",1920,1080,0,0,0,0,0,0,0,0,0,10,59570256,0.032544,0.000000,0,0,0.000000,0.000000,0.000000,1.813312,3.145704,0.887805
0,off,direct,direct,forward,Release,3,15,"NVIDIA GeForce RTX 2080 Ti","NVIDIA-595.84","029ccb181a7a6352856df564cc98815a34397388",1920,1080,0,0,0,0,0,0,0,0,0,10,59570256,0.032480,0.000000,0,0,0.000000,0.000000,0.000000,1.255232,2.771107,1.003663
0,off,direct,direct,forward,Release,3,16,"NVIDIA GeForce RTX 2080 Ti","NVIDIA-595.84","029ccb181a7a6352856df564cc98815a34397388",1920,1080,0,0,0,0,0,0,0,0,0,10,59570256,0.032576,0.000000,0,0,0.000000,0.000000,0.000000,1.409120,2.802055,0.879729
0,off,direct,direct,forward,Release,3,17,"NVIDIA GeForce RTX 2080 Ti","NVIDIA-595.84","029ccb181a7a6352856df564cc98815a34397388",1920,1080,0,0,0,0,0,0,0,0,0,10,59570256,0.032512,0.000000,0,0,0.000000,0.000000,0.000000,1.679584,3.410954,1.187820
0,off,direct,direct,forward,Release,3,18,"NVIDIA GeForce RTX 2080 Ti","NVIDIA-595.84","029ccb181a7a6352856df564cc98815a34397388",1920,1080,0,0,0,0,0,0,0,0,0,10,59570256,0.032672,0.000000,0,0,0.000000,0.000000,0.000000,1.466368,3.291038,1.132517
0,off,direct,direct,forward,Release,3,19,"NVIDIA GeForce RTX 2080 Ti","NVIDIA-595.84","029ccb181a7a6352856df564cc98815a34397388",1920,1080,0,0,0,0,0,0,0,0,0,10,59570256,0.032768,0.000000,0,0,0.000000,0.000000,0.000000,1.679136,3.480335,1.175247
0,off,direct,direct,forward,Release,3,20,"NVIDIA GeForce RTX 2080 Ti","NVIDIA-595.84","029ccb181a7a6352856df564cc98815a34397388",1920,1080,0,0,0,0,0,0,0,0,0,10,59570256,0.032768,0.000000,0,0,0.000000,0.000000,0.000000,1.601888,3.164549,1.181368
0,off,direct,direct,forward,Release,3,21,"NVIDIA GeForce RTX 2080 Ti","NVIDIA-595.84","029ccb181a7a6352856df564cc98815a34397388",1920,1080,0,0,0,0,0,0,0,0,0,10,59570256,0.032800,0.000000,0,0,0.000000,0.000000,0.000000,1.371392,3.065232,1.179595
0,off,direct,direct,forward,Release,3,22,"NVIDIA GeForce RTX 2080 Ti","NVIDIA-595.84","029ccb181a7a6352856df564cc98815a34397388",1920,1080,0,0,0,0,0,0,0,0,0,10,59570256,0.032768,0.000000,0,0,0.000000,0.000000,0.000000,1.286496,2.859083,1.070649
0,off,direct,direct,forward,Release,3,23,"NVIDIA GeForce RTX 2080 Ti","NVIDIA-595.84","029ccb181a7a6352856df564cc98815a34397388",1920,1080,0,0,0,0,0,0,0,0,0,10,59570256,0.031552,0.000000,0,0,0.000000,0.000000,0.000000,1.811392,3.136206,0.860964
0,off,direct,direct,forward,Release,3,24,"NVIDIA GeForce RTX 2080 Ti","NVIDIA-595.84","029ccb181a7a6352856df564cc98815a34397388",1920,1080,0,0,0,0,0,0,0,0,0,10,59570256,0.032480,0.000000,0,0,0.000000,0.000000,0.000000,1.275872,2.585346,0.914796
0,off,direct,direct,forward,Release,3,25,"NVIDIA GeForce RTX 2080 Ti","NVIDIA-595.84","029ccb181a7a6352856df564cc98815a34397388",1920,1080,0,0,0,0,0,0,0,0,0,10,59570256,0.032480,0.000000,0,0,0.000000,0.000000,0.000000,1.408928,2.705083,0.863800
0,off,direct,direct,forward,Release,3,26,"NVIDIA GeForce RTX 2080 Ti","NVIDIA-595.84","029ccb181a7a6352856df564cc98815a34397388",1920,1080,0,0,0,0,0,0,0,0,0,10,59570256,0.031520,0.000000,0,0,0.000000,0.000000,0.000000,1.679872,3.037419,0.931417
0,off,direct,direct,forward,Release,3,27,"NVIDIA GeForce RTX 2080 Ti","NVIDIA-595.84","029ccb181a7a6352856df564cc98815a34397388",1920,1080,0,0,0,0,0,0,0,0,0,10,59570256,0.032640,0.000000,0,0,0.000000,0.000000,0.000000,1.475232,2.746120,0.836398
0,off,direct,direct,forward,Release,3,28,"NVIDIA GeForce RTX 2080 Ti","NVIDIA-595.84","029ccb181a7a6352856df564cc98815a34397388",1920,1080,0,0,0,0,0,0,0,0,0,10,59570256,0.032160,0.000000,0,0,0.000000,0.000000,0.000000,1.421280,3.151165,0.938681
0,off,direct,direct,forward,Release,3,29,"NVIDIA GeForce RTX 2080 Ti","NVIDIA-595.84","029ccb181a7a6352856df564cc98815a34397388",1920,1080,0,0,0,0,0,0,0,0,0,10,59570256,0.032736,0.000000,0,0,0.000000,0.000000,0.000000,1.626560,3.136256,0.913132
